dialogue,human_summary,base_model_summary,full_finetune_summary,lora_summary
"#Person1#: Oh, it's getting late. I've got to run. It was nice talking to you, karren.
#Person2#: Thanks, Tim. Nice meeting you, too.
#Person1#: I guess we'll see just around.
#Person2#: Ye, I hope so. well. Take it easy.
#Person1#: You too.",Karren and Tim say goodbye.,"#Person1#: I've got to run, karren.",Tim and Karen talk about their time together.,"#Person1#: I've got to run, karren."
"#Person1#: Thank you for bringing me here. What shall we order?
#Person2#: Well, it all looks so good. How about ordering the steamed prawns?
#Person1#: Really? I'd rather have the chicken feet to be honest.
#Person2#: Ok then, let's get the chicken feet.
#Person1#: How about drinks? Would you like beer or wine?
#Person2#: I'd prefer wine. You?
#Person1#: Wine's fine by me. Let's order a bottle of the house red then.
#Person2#: Ok, a bottle of the house red please!",#Person1# and #Person2# decide to order chicken feet and wine.,"#Person1#: OK, let's order a bottle of the house red.",#Person1# orders chicken feet and a bottle of the house red.,"#Person1#: OK, let's order a bottle of the house red."
"#Person1#: Hello. Tenants Advocacy Resource Center.
#Person2#: Hello. I'm having a problem with my house owner. The House owner is a nice enough guy, but he and I just can't seem to agree on repair costs.
#Person1#: Has he been unwilling to make repairs?
#Person2#: It's not that he's unwilling. He just takes too long. When I first moved in, the heater was broken and it took him 3 months to fix it and last month was my thirtieth birthday. My friends threw me a surprise party. They showed up with a ton of food and lots of beers and they even had a rock and roll band. It turned into an all night party and.
#Person1#: And your neighbors started complaining about the noise.
#Person2#: No, everyone in the building was there. It was a great party. Unfortunately, some people accidentally broke the living room window. Next day, I gotta repair person to come over to fix the window. Since he was already here, I had him fix the broken washing machine, which I had been complaining to the house owner about for over 2 months. Then last week, I mailed the money for the house, not including the repair costs. But this morning, my house owner called me angrily and said that he wouldn't pay for the repairs. That doesn't seem fair. What should I do?",#Person2# tells Tenants Advocacy Resource Center about the problem with #Person2#'s house owner. #Person2# tells #Person1# it always takes #Person2#'s house owner a long time to repair and they can't agree on the repair costs.,"#Person1#: I'm having a problem with my house owner. The house owner is a nice enough guy, but he just takes too long. When I first moved in, the heater was broken and it took him 3 months to fix it.","#Person2# is having a problem with the house owner because he can't agree on repair costs. The house owner is nice enough but he takes too long to fix the broken heater, the birthday party, and the broken washing machine. Then, the owner called #person1# angrily and said he wouldn't pay for the repairs.","#Person1#: I'm having a problem with my house owner. The house owner is a nice enough guy, but he and I just can't seem to agree on repair costs."
"#Person1#: We're having a department meeting at 10 o'clock, ok?
#Person2#: That's fine. . . I need to pick up some stationary-you know, a stapler, scissors, files, who should I see about that?
#Person1#: See Julie, the receptionist. She knows where all that stuff is kept. You might like a calendar for you desk. She can give you one of those too.
#Person2#: Thanks. I need to make a few photocopies.
#Person1#: The photocopier is near my office. Come on, I'll show you where it is.
#Person2#: Do you enjoy working in this office?
#Person1#: Yes, I do. Everyone's really friendly. Sometimes, I wish I worked outdoors more, especially during the summer.
#Person2#: What's usually discussed at the department meetings?
#Person1#: We usually tell each other where we are with various clients and potential clients. The boss assigns extra duties to people who she thinks can best deal with them. It's also a chance to put forward su",#Person1# informs #Person2# of the meeting and helps #Person2# pick up some stationery. #Person1# also shares the experience of working and meetings.,#Person1#: We're having a department meeting at 10 o'clock.,"#Person2# needs to pick up some stationary, a stapler, scissors, files, and a calendar for the department meeting. Julie will show #person1# where the photocopier is. They talk about the office and the boss's duties.",#Person1#: We're having a department meeting at 10 o'clock.
"#Person1#: I'd like to purchase a pan. 
#Person2#: Is there any particular size that you want? 
#Person1#: Well, I cook a lot of big meals. 
#Person2#: What do you think of this one? It's a 16' pan. 
#Person1#: Yes, that's the right size, but it's so heavy. 
#Person2#: Well, look at our aluminum pan. It's much lighter. 
#Person1#: Yes, this is very light. But the handle is also aluminum. 
#Person2#: No problem. Look at this one. Same pan, but with a lightweight wooden handle. 
#Person1#: Great. This is exactly what I was looking for. I'll buy it. 
#Person2#: I think you'll love this pan. Do you want to pay with cash? 
#Person1#: Yes. Oh, wait a second, please. What about a lid? 
#Person2#: I'm sorry. I forgot to show it to you. Here it is. It comes with the pan. ","#Person1# takes a size 16, aluminum pan with a lightweight wooden handle at #Person2#'s shop as #Person1# cooks big meals often.",#Person1#: I'd like to purchase a 16' pan.,#Person1# buys a 16' aluminum pan with a lightweight wooden handle with cash and a lid.,#Person1#: I'd like to purchase a 16' pan.
"#Person1#: Why don't you have some of my cake, Sue? I made it just for this party.
#Person2#: Sorry, Bill, I'm not in the cake at the moment. I thought you knew about my diet.
#Person1#: On your birthday? Surely you can eat whatever you want on your birthday. You can start your diet tomorrow. And anyway, you look great.
#Person2#: Well, thanks, Bill. I am not on a diet to lose weight, actually. My doctor told me to stop eating certain foods. I'm trying to avoid being allergic to something.
#Person1#: I didn't know food could help with that. I also notice you didn't eat any of the sandwiches Jill brought.
#Person2#: Yeah, and you and Tom and Shellin all brought different cakes. I'm dying to try them.
#Person1#: Why don't I go get you a salad? I'm sure you'll feel better if you eat something.
#Person2#: All right, it's the only thing here I can eat. What I really want is some hot soup.
#Person1#: Why don't I go and get some soup from the restaurant across the street for you?
#Person2#: That's awfully nice of you. But I'm enjoying my party. Maybe we could go afterwards.
#Person1#: OK, you go back in the house and chat with the guests. And I'll call the restaurant and tell them we'll be there in a few hours.","Bill made a cake for Sue's birthday, but Sue is on a diet to avoid allergy. Bill offers to buy her something healthy to eat, but Sue is enjoying her party. So they will go afterwards.",Person1: I'm going to get you a salad.,Sue refuses Bill's invitation to have some cake. Bill tells her she can eat whatever she wants on her birthday. Sue wants some hot soup and Bill will get some soup from the restaurant across the street.,Person1: I'm going to get you a salad.
"#Person1#: Thank you for showing me your offices, Mr. Becker. I can see why Washington bureaucrats enjoy their jobs. 
#Person2#: Why do you say that? 
#Person1#: The city is beautiful, the off . . . , the offices are modern and comfortable, and the work is so interesting. 
#Person2#: Many people work for the federal government their entire adult lives. Government service can be a rewarding and secure career. 
#Person1#: Do you mean financially rewarding? 
#Person2#: Well, many positions pay salaries that are comparable to those in private industries. 
#Person1#: I've always thought that most bureaucrats are lazy. 
#Person2#: Sometimes that's true, but not usually. Most feds are honest, hard-working professionals. It's hard to keep highly trained people, so the pay and working conditions have to be attractive. 
#Person1#: How much do you make? 
#Person2#: I'm a GS-15. That's high on the scale of workers, but even a GS-1 is paid a living wage. ",Mr. Becker shows #Person1# around the office of the Washington bureaucrats and #Person1# has changed the image about the bureaucrats.,"I'm a GS-1, and I've been working for the federal government for a long time.",Mr. Becker tells #Person1# why Washington bureaucrats enjoy their jobs. He thinks government service can be a rewarding and secure career and the pay and working conditions have to be attractive.,I'm a GS-15.
"#Person1#: Hi! What are you watching?
#Person2#: It's a programme about Islam. It's very interesting.
#Person1#: Wow! So many people! Where are they and what are they doing?
#Person2#: They are muslims on a pilgrimage to mecca. Muslims call this pilgrimage haj.
#Person1#: Why do they go there?
#Person2#: Muslims believe that every man who is able should go on a haj at least once in his life. Mecca is the spiritual centre of the muslim faith.
#Person1#: When muslims pray, they face towards mecca.
#Person2#: That's right. Unfortunately, so many people go on the haj each year that there are often stamped and people get killed.
#Person1#: I heard about that. The pilgrims must walk around a large, sacred black stone.
#Person2#: That's right. That's when accidents often happen. The Saudi government tries to limit the number of pilgrims, to reduce the chances of accidents.
#Person1#: Pilgrimages are common in many faiths.
#Person2#: Yes. In England, Christian pilgrims might go to Canterbury and many Christians go to the Vatican on pilgrimages.
#Person1#: Isn't there a place in france where people go to get healed?
#Person2#: I think that place is Lourdes. There are many stories of people being healed after visiting there.
#Person1#: Do you think that there is something magical about that place?
#Person2#: Personally. I think that people believe they will be healed and that faith causes a change in their mind that cures them. I don't think place is magical in any way.",#Person2# is watching a programme about Islam's pilgrimage to Mecca. #Person1# has heard that there are often accidents happen during this pilgrimage. They also talk about pilgrimage in other countries.,People believe they will be healed after visiting a place in France.,"#Person2# is watching a programme about Islam and tells about the pilgrimage to Mecca. The Saudi government tries to limit the number of pilgrims to reduce the chances of accidents. The pilgrims must walk around a large, sacred black stone and there is a place in France where people get healed.",People believe they will be healed after visiting a place in France.
"#Person1#: Your luggage is over 8 kilograms.
#Person2#: Really? What can I do?
#Person1#: You have to pay the excess luggage charge, please.
#Person2#: OK. Can you give me a fragile label?
#Person1#: Sure. Here you are. Attach the label to your luggage and put your bag here.",#Person1# will pays for the overweight luggage.,#Person1#: OK. Attach the label to your luggage and put your bag here.,#Person2# pays the excess luggage charge and gets a fragile label.,#Person1#: OK. Attach the label to your luggage and put your bag here.
"#Person1#: You look like so happy. Anything good happens?
#Person2#: Aha, yeah. My friend just dropped in from the United Kingdom. 
#Person1#: Yeah, and? 
#Person2#: I decided to put him up while he's here. We will have fun and I am going to invite him to give a speech at my lab.
#Person1#: Is he a professor?
#Person2#: Oh no. He is a Ph.D. student at the University of Edinburgh. He will graduate at the end of this year.
#Person1#: Wow, it seems he's very excellent.
#Person2#: You can say that again.
#Person1#: So what's the topic of his speech? I think I might want to go too.
#Person2#: It's about multimodal text generation. He'll talk about generating summaries for videos and discourse modeling as well.
#Person1#: Well, that sounds sophisticated. Leave me a place.",#Person2#'s friend is a Ph.D. student at the University of Edinburgh. He is visiting #Person2# and will give a speech about multimodal text generation. #Person1# will attend it.,#Person1#: I'm going to invite him to give a speech at my lab.,#Person2#'s friend dropped in from the United Kingdom and will invite him to give a speech. #Porn1# thinks it's sophisticated and wants to leave.,"#Person1#: Aha, yeah. My friend just dropped in from the United Kingdom. He is a Ph.D. student at the University of Edinburgh. He will give a speech at my lab."
"#Person1#: York Hotel, can I help you?
#Person2#: Yes, I'd like to book a room for 3 nights.
#Person1#: When will you be arriving?
#Person2#: We'll arrive the day after tomorrow. That's July twntieth.
#Person1#: Yes, sir. Single or double?
#Person2#: One double room.
#Person1#: Alright. One double room until the twenty-third.
#Person2#: How much will that be?
#Person1#: $130 a night, including breakfast.
#Person2#: That'll be fine.
#Person1#: May I have your name, please?
#Person2#: Faber, Faber, Faber, Mr. Faber.
#Person1#: Thank you for calling, Mr. Faber. Goodbye.
#Person2#: Bye.",Mr. Faber books a double room for 3 nights from July 20th at York Hotel.,I'd like to book a double room for three nights at the York Hotel.,Mr. Faber calls York Hotel to book a double room for 3 nights. #Person1# helps him book it.,I'd like to book a room for three nights at the York Hotel.
"#Person1#: I am sorry, sir. I have broken the reading lamp in my room.
#Person2#: Well, sir. May I have your room number?
#Person1#: 503. I would like to pay for it.
#Person2#: Please fill out the form first.
#Person1#: OK, can you bring me a new one?
#Person2#: Of course.",#Person1# broke a reading lamp and #Person2# will replace a new one.,"#Person1#: I am sorry, sir. I have broken the reading lamp in my room.",#Person1# broke the reading lamp in his room and asks for a new one.,"#Person1#: I am sorry, sir. I have broken the reading lamp in my room."
"#Person1#: Excuse me, Sir, do you know what time it is?
#Person2#: Oh, it's almost eleven twenty.
#Person1#: Thank you.
#Person2#: You're welcome. The rain is quite heavy, isn't it?
#Person1#: Yeah. I was in a hurry and I forgot my umbrella today.
#Person2#: I have one. We could share it. Which way are you going?
#Person1#: Oh, that's very kind of you. I am going to the Garden Hotel.
#Person2#: I am going there, too. We can walk together.
#Person1#: Sure.",#Person2# voluntarily shares an umbrella with #Person1# who doesn't bring the umbrella when it's rainy.,#Person1: I'm going to the Garden Hotel.,#Person1# forgets the umbrella because of the heavy rain. #person2# will share it. They will walk together to the Garden Hotel.,#Person1: I'm going to the Garden Hotel.
"#Person1#: Mr. Wilson. We are very regretful about the mistakes in goods. I am very sorry and we will be responsible for the mistake.
#Person2#: We have no choice but to hold you responsible for the loss we sustained.
#Person1#: The first problem is supposed to be solved after the investigation. About the second problem, I admit it's our fault, so we will exchange all merchandise that falls short of our sample.
#Person2#: Well. I hope there won't be such things no more.
#Person1#: I can assure you that such a thing today will never happen again in future delivery. We have made the plan to improve the package of our exported goods.",#Person1# apologizes for the loss caused by them to Mr. Wilson and assures that it will never happen again.,#Person1#: We are very regretful about the mistakes in goods. I am very sorry and we will be responsible for the loss we sustained.,#Person1# apologizes to Mr. Wilson for the mistakes in goods and will exchange all merchandise that falls short of their sample.,#Person1#: We are very regretful about the mistakes in goods. I am very sorry and we will be responsible for the loss we sustained.
"#Person1#: Tom, I've got good news for you.
#Person2#: What is it?
#Person1#: Haven't you heard that your novel has won The Nobel Prize?
#Person2#: Really? I can't believe it. It's like a dream come true. I never expected that I would win The Nobel Prize!
#Person1#: You did a good job. I'm extremely proud of you.
#Person2#: Thanks for the compliment.
#Person1#: You certainly deserve it. Let's celebrate!",#Person2# tells Tom he won the Nobel Prize.,"#Person1#: Tom, I've got good news for you. I never expected that I would win The Nobel Prize.",Tom's novel has won the Nobel Prize. #Person1# is proud of Tom.,"#Person1#: Tom, I've got good news for you. I never expected that I would win The Nobel Prize!"
"#Person1#: do you remember where you were for the terrorist attacks on 9-11?
#Person2#: yes, I was in my apartment in Beijing. Where were you?
#Person1#: I was at home with my parents in New York City.
#Person2#: really? Did you see the hijacked planes crash into and destroy the twin towers?
#Person1#: I didn't see the crash itself, but I did see the smoke and everything afterwards from my parents' apartment building.
#Person2#: that must have been horrible. Did you go out at all that day to see what was going on?
#Person1#: no, we decided to stay in our apartment. With all the buses out of service and the underground trains at a halt, many people had no choice but to walk home. It was utter chaos.
#Person2#: did you know anyone who worked in the World Trade Center?
#Person1#: yes, my uncle's firm had an office in one of the towers.
#Person2#: did he survive?
#Person1#: unfortunately, he wasn't able to evacuate in time. He ended up dying in the tower.
#Person2#: I'm sorry. That must have really been a nightmarish day for you and your family.
#Person1#: it was. The hijackers didn't have any respect for human life not even their own.
#Person2#: terrorist acts are deliberate and deadly and can affect every walk of life.","#Person1# and #Person2# are talking about the terrorist attacks on 9-11, which was nightmarish for #Person1#'s family.",#Person1#: I'm sorry to hear that.,"#Person1# recalls the terrorist attacks on 9-11 in Beijing and the hijacked planes crash into and destroy the twin towers. #Porn1#'s uncle's firm had an office in one of the towers but he couldn't evacuate in time, so he died in the tower.",#Person1#: Do you remember where you were when the terrorist attacks on 9/11 happened?#Person2#: I was at home with my parents in New York City.
"#Person1#: I am interested in buying a house and need some information.
#Person2#: Yes, of course. What area are you interested in?
#Person1#: I am interested in Pasadena or Arcadia.
#Person2#: What size house would you like?
#Person1#: We need a medium-sized house with at least 3 bedrooms and 2 bathrooms.
#Person2#: Are you interested in being in a particular school district?
#Person1#: Yes, we want to stay in the ABC School District.
#Person2#: Would you like a home near the lake or would you prefer a view?
#Person1#: I would love to have a home with a view.
#Person2#: Fine, I will begin a search for the perfect home for you. I will call you in a few days.","#Person1# is buying a house and consulting #Person2# about the location, size and surroundings.",#Person1#: I am interested in buying a medium-sized house with at least 3 bedrooms and 2 bathrooms.,#Person1# is interested in buying a medium-sized house with at least 3 bedrooms and 2 bathrooms in the ABC School District with a view.,#Person1#: I would like to buy a medium-sized house with at least 3 bedrooms and 2 bathrooms.
"#Person1#: Hi honey! You'll never guess what! My friends Julie and Alex are getting married!
#Person2#: Wow that's great news! They're a great couple!
#Person1#: I know! Anyways I just talked to Alex's best man and he is organizing the bachelor party It's gonna be so much fun! All the groomsmen are thinking up all the wacky and crazy things we are going to do that night.
#Person2#: You aren't going to a strip club, are you? I don't want you getting a lap dance from some stripper with the excuse that it's your friends party.
#Person1#: Aw come on! It's just some innocent fun! You know how these things are! We are gonna play drinking games, get him some gag gifts and just have a good time. Nothing too over the top.
#Person2#: Well, I don't know.
#Person1#: Come on! If one of your friends was getting married I wouldn't mind you going to her bachelorette party!
#Person2#: Good, because my friend Wendy is getting married and I'm organizing her party!","#Person1# is going to the bachelor party of Alex, and #Person2# will organise a bachelorette party for Wendy.",The groomsmen are planning a bachelorette party for one of their friends.,#Person1#'s friends Julie and Alex are getting married and they are going to have a bachelor party. The groomsmen are thinking up all the wacky and crazy things they're going to do that night.,The groomsmen are planning a bachelorette party for Julie and Alex.
"#Person1#: Freedom Travel. How may I help you?
#Person2#: Yes, I'd like to make a flight reservation for the twenty third of this month.
#Person1#: Okay. What is your destination?
#Person2#: Well. I'm flying to Helsinki, Finland.
#Person1#: Okay. Let me check what flights are available?.
#Person2#: Okay.
#Person1#: And when will you be returning?
#Person2#: Uh, well, I'd like to catch a return flight on the twenty ninth. Oh, and I'd like the cheapest flight available.
#Person1#: Okay. Let me see. Um, hmm ...
#Person2#: Yeah?
#Person1#: Well, the price for the flight is almost double the price you would pay if you leave the day before 12 AM.
#Person2#: Whoo. Let's go with the cheaper flight. By the way, how much is it?
#Person1#: It's only $980.
#Person2#: Alright. Well, let's go with that.
#Person1#: Okay. That's flight 1070 from Salt Lake City to New York, Kennedy Airport, transferring to flight 90 from Kennedy to Helsinki.
#Person2#: And what are the departure and arrival times for each of those flights?
#Person1#: It leaves Salt Lake City at 10:00 AM, arriving in New York at 4:35 PM, then transferring to flight 90 at 5:55 PM, and arriving in Helsinki at 8:30 AM the next day.
#Person2#: Alright. And, uh, I'd like to request a vegetarian meal.
#Person1#: Sure, no problem. And could I have you name please?",#Person2# is asking #Person1# to make a flight reservation. #Person2# chooses the cheapest flight and asks #Person1# for their departure and arrival times.,"If you'd like to make a reservation for a flight from Salt Lake City to New York, please contact Freedom Travel.",#Person2# calls Freedom Travel to make a flight reservation for the twenty-third of this month and wants to catch a return flight on the twenty ninth. They decide to go with the cheapest flight and request a vegetarian meal.,"I'd like to make a reservation for a flight from Salt Lake City to New York, Kennedy Airport."
"#Person1#: OK, Let me just have a look at the information here. You've been with a company for 6 years.
#Person2#: That's right.
#Person1#: Do you feel the same way as you did 6 years ago?
#Person2#: Well, not really. I used to be more enthusiastic. Maybe it's because I'm older now.
#Person1#: Well. You're only 28. That's not exactly old. What else has changed?
#Person2#: I work longer hours now. I go home after 7 nearly every day, but I earn much more than before.
#Person1#: I see. What about the company? Is it helping you to develop new skills?
#Person2#: Yes, up to a point. I've done 2 management training courses in the last couple of years, so I think I'm ready for promotion now.
#Person1#: Do you get the opportunity to travel much?
#Person2#: Not much, but I don't really mind that. You see, I have to look after my mother.","#Person1# has been working for a company for six years, and #Person2# thinks #Person2#'s ready for promotion.","#Person1#: OK, let me just have a look at the information here.",#Person2# has been with a company for 6 years and feels more enthusiastic now than 6 years ago. The company is helping #person1# to develop new skills and #Pear2# doesn't mind traveling much.,"#Person1#: OK, let me just have a look at the information here."
"#Person1#: What do you think of my new suit?
#Person2#: Not bad. It reminds me of the one I saw at the new department store last week. Did you get it there?
#Person1#: No, I got it in that big shopping center. It cost me only $ 150.
#Person2#: Well, I don't think it's a good bargain.",#Person1#'s new suit cost $150. #Person2# doesn't think it's a good bargain.,"#Person1#: Well, I don't think it's a good bargain.","#Person1#'s new suit reminds of the one at the new department store, but #person2# thinks it's a good bargain.","#Person1#: Well, I don't think it's a good bargain."
"#Person1#: There are so many jobs to choose from. What do you want to do?
#Person2#: I think working in the media could be fun. There's TV, newspapers, the Internet.
#Person1#: Well, let me have a look. Uhm, how about this? You could become a TV news director.
#Person2#: Are you joking? Directing the news would be very stressful.
#Person1#: Well, writing for a magazine would be exciting. How about that?
#Person2#: No, I'm more interested in working with computers. Hey, look, interactive media. I'd like that.",#Person1# and #Person2# are looking at jobs. #Person2# is interested in the media industry.,"#Person1#: Well, I'm interested in working with computers.","#Person2# thinks working in the media could be fun, but #person1# prefers working with computers.","#Person1#: Well, I'm interested in working with computers."
"#Person1#: What's the matter, Lisa? You don't look too good.
#Person2#: I just found out that my husband is cheating on me.
#Person1#: You mean Mark? He seems like such an honest guy.
#Person2#: That's what I thought. It seems that he's been seeing someone else for about two months.
#Person1#: Two months? How did you find out?
#Person2#: I asked for leave and was at home when the telephone rang. I picked it up and a girl asked to talk to Mark. She then asked if I was his sister, and I said no, I was his wife. She hung up immediately.
#Person1#: So you asked him about the girl who called?
#Person2#: Yeah, he first said it was someone from work. He gave me a lame excuse, and so I pressed him on it.
#Person1#: What'd he do?
#Person2#: He kept trying to make stupid excuses, and then broke down and admitted to a small indiscretion.
#Person1#: Indiscretion? How can an indiscretion last two months? I mean, you two have been married for two years! How can he do that to you?
#Person2#: I told him I would divorce him if he wouldn't tell me the truth or end the relationship with her.
#Person1#: Good. I totally agree with what you did.",Lisa has found her husband cheating on her. Her husband first denied and then only admitted to a small indiscretion. #Person1# supports Lisa to seek the truth.,"Person1: What's the matter, Lisa?",Lisa tells #Person1# she found out her husband Mark is cheating on her and she tells him she would divorce him if he wouldn't tell the truth or end the relationship with her.,I'm sorry to hear that.
"#Person1#: Well, I'm glad I had a chance to see these samples, but I'm really not in a position to make a decision right now.
#Person2#: Would you like me to leave the samples with you?
#Person1#: Yeah, why don't you do that, and then you can give me a call sometime next week.
#Person2#: Fine, Mr. Grant. Thanks for your time. I'll talk to you next week.",#Person2# leaves the samples to Mr. Grant and will talk to him next week.,"#Person1#: Well, I'm really not in a position to make a decision right now.",Mr. Grant is not in a position to make a decision right now. #Person2# will leave the samples with him.,"#Person1#: Well, I'm really not in a position to make a decision right now."
"#Person1#: Jimmy, I called you yesterday, but you didn't pick up.
#Person2#: I'm sorry Amy, I came home very late yesterday evening because Jennie and Bill invited me for a picnic.
#Person1#: Oh, how lovely, did you enjoy yourself?
#Person2#: Yes, I had a great time.
#Person1#: When did you go to have the picnic?
#Person2#: Jenny and Bill came in their car at about 9:00 o'clock in the morning and we left soon afterwards.
#Person1#: And where did you go for the picnic?
#Person2#: We went to Beihai Park.
#Person1#: Oh, it's lovely in Beihai Park at this time of year.
#Person2#: Yes, it was sunny and there were lots of people, we had lunch near the river. Then, after lunch. We went for a walk along the river and looked at the beautiful view there.
#Person1#: What did you do then?
#Person2#: We had a drink in a bar there and made some friends, we played cards and laughed, then we started to drive home. It took us a long time to arrive home because there was a lot of traffic on the road.
#Person1#: Well, that was a lovely day.
#Person2#: That's right. So why did you call me?
#Person1#: Oh, I wanted to give your book back, so are you free now?
#Person2#: Ok, let's meet at the cafe downstairs in 30 minutes.
#Person1#: Well, see you then.",Amy called Jimmy to return his book but Jimmy went to Beihai Park for picnic so Amy didn't reach him. They will meet later.,"#Person1#: I'm sorry, but I didn't pick up yesterday.",Jimmy didn't pick up Amy because he came home late yesterday evening because Jennie and Bill invited him for a picnic. Jimmy tells Amy he had a great time at the picnic. Amy wants to give Jimmy his book back.,"#Person1#: I'm sorry, but I didn't pick up yesterday."
"#Person1#: I don't know if you've heard of it, Peter, but some of us are thinking of going to Xi'an in the summer. I don't know if you'd like to come with us.
#Person2#: Well, that's very kind of you, Jane, but when are you thinking of going?
#Person1#: Oh, some time in July. Around the 16th, I think.
#Person2#: I see. And for how long? About two weeks?
#Person1#: Well, we were going to but now one or two of the other students say they don't have enough money, so it'll just be a week. You're interested, then?
#Person2#: Oh, yes, very much. Do you know how much it's going to cost?
#Person1#: Yes, about 2000 yuan altogether.
#Person2#: Oh, that's good. Is everybody going?
#Person1#: Yes, most of them, not Monica, of course. She's off to Harbin again.
#Person2#: Lucky thing! It must be nice to have parents living in the north.
#Person1#: Yes, it must. But if you had a lot of money, Peter, where would you like to go for a holiday?
#Person2#: Oh, I'd probably go to Xinjiang, or Tibet maybe. Somewhere far away, anyway. And you?
#Person1#: I don't know really. Perhaps the southwest.
#Person2#: Yes, that would be great.",Jane invites Peter to go on a trip with their friends together to Xi'an in the summer. Peter asks about the trip and is interested. They also talk about their ideal place for a holiday.,Person1: I'd like to go to Xi'an in the summer.,Jane invites Peter to go to Xi'an in the summer but Peter doesn't have enough money. Jane suggests going to the southwest if Peter had a lot of money.,"I'd like to go to Xi'an in the summer, but I don't have enough money."
"#Person1#: Hi, Tom! This is Marry with Hans furniture store.
#Person2#: Yes, Marry?
#Person1#: I just wanted to let you to know that we had decided to offer the sales position to someone else.
#Person2#: I see.
#Person1#: We considered you very carefully but the other candidate has more experience.
#Person2#: Maybe so. But I'm fast learner and I'm willing to work overtime to learn the business.
#Person1#: I'm sure you are.
#Person2#: I must to ask you to reconsider your decision and give me a chance.",Tom wants Marry to reconsider the decision of offering the sales position to someone else instead of him.,"#Person1#: Hi, Tom! This is Marry with Hans furniture store.",Marry tells Tom they had decided to offer the sales position to someone else. Tom wants to reconsider his decision and give him a chance.,"#Person1#: Hi, Tom! This is Marry with Hans furniture store."
"#Person1#: Who stands out in your mind as a man or woman of sound character?
#Person2#: If I think of famous people, I think of Abraham Lincoln.
#Person1#: He's the US president, who walked five miles just to give a lady her change, isn't he?
#Person2#: That's the one. He also was famous for never giving up on his goals.
#Person1#: That's right. He ran for office quite a few times before he was finally elected.
#Person2#: And I also admire him for his courage in fighting for equal rights.
#Person1#: He had great vision, didn't he?
#Person2#: And humility. I would have liked to meet him personally.",#Person1# and #Person2# talk about Abraham Lincoln and his glorious history. They both admire him.,#Person1#: That's right. He was a man of sound character.,#Person2# thinks Abraham Lincoln is a man or woman of sound character and admires him for his courage in fighting for equal rights.,#Person1#: That's right. He was a man of sound character.
"#Person1#: Excuse me. I'm a stranger here and lost my way.
#Person2#: Can I help you?
#Person1#: Sure. Can I get to the central department stall this way?
#Person2#: uh. . . Yes. Turn right, then take the second turning on your left.
#Person1#: Is it far?
#Person2#: It's about fifteen minutes'walk. That's all.
#Person1#: And do you know where the national bank is?
#Person2#: Yes. It's on this street. Keep walking for two blocks and it's on the corner on the right.
#Person1#: Thanks very much.
#Person2#: You are welcome. Good luck.
#Person1#: Thank you. I won't miss it.",#Person2# shows #Person1# the ways to the central department stall and the national bank.,#Person1#: Excuse me. I'm a stranger here and lost my way.,#Person1# lost the way to the central department stall and the national bank and asks for help.,#Person1#: Excuse me. I'm a stranger here and lost my way.
"#Person1#: How come you're still up? Shouldn't you be asleep by now? 
#Person2#: I've been having a hard time sleeping lately. 
#Person1#: As far as I know, insomnia is usually caused by stress. Are you stressed at all? 
#Person2#: Well, I'm really worried about my grades. I didn't think this course would be so stressful. 
#Person1#: You're a good student. I'm sure you can do well. What you need to do is to relax. 
#Person2#: You're probably right. I just wish it were that simple. How can I stop feeling so anxious all the time? 
#Person1#: Taking a yoga class or learning some relaxation techniques can help you cope with your stress. 
#Person2#: I don't really have time to learn anything new. I need to spend my time studying! 
#Person1#: You need to take some breaks throughout the day. Studying all day isn't very usually effective. 
#Person2#: You're right. I usually end up staring at my computer or checking my email instead of doing my work for class. 
#Person1#: How about listen to some music. I heard that listening to music can make people calm down and release their stress. At least you don't have to learn to listen.
#Person2#: Really? What kind of music do you suggest?
#Person1#: Maybe you should listen to light music or classical music. Just don't listen to some rock and roll.
#Person2#: That's fantastic. I'm going to go try that out in my room now. good night!
#Person1#: Good night, sleep tight. Don't let the bed bugs bite!",#Person2# is too stressed to sleep well because of worrying about #Person2#'s grades. #Person1# gives #Person2# some suggestions that #Person2# should listen to some music and relax. #Person2#'ll try it now.,"Person1: I'm still up, but I can't sleep.","#Person2# has been having a hard time sleeping lately because of the stress of the course and worries about the grades, so she wants to relax and listen to some music to relieve her stress.","You're still up, but it's not too late."
"#Person1#: Hi, my name's Karl. My wife and I are moving in next door.
#Person2#: Hello, Karl. I'm Chuck Jones. We're going to be neighbors.
#Person1#: I'm happy to meet you. It seems everyone in town is so friendly.
#Person2#: This is a small town, and we like to be neighborly. We know everyone who lives around here.
#Person1#: Well, I'm from Chicago. There are few people take the time to get to know their neighbors.
#Person2#: So, tell me, Karl, why did you come all the way to Minnesota to live?
#Person1#: We wanted to live in a more peaceful community and have more space. Another reason is, we can afford to buy a home here, but we can't in Chicago!",Karl and his wife moved to Minnesota and greet their friendly neighbour Chuck Jones and tells him why they moved here.,"#Person1#: Hello, Karl. I'm Chuck Jones. We're going to be neighbors.",Chuck Jones and Karl are moving in next door. Chuck tells Karl they like to be neighborly and they want to live in a more peaceful community.,"#Person1#: Hello, Karl. I'm Chuck Jones. We're going to be neighbors."
"#Person1#: Can I help you?
#Person2#: Yes, I want a pair of sport shoes, Jordan.
#Person1#: What size do you want?
#Person2#: Size 41.
#Person1#: Here you are.
#Person2#: They fit me. Can you make it a little cheaper?
#Person1#: It's already on sale now.",#Person2# wants a pair of Jordan shoes in size 41.,"#Person1#: I want a pair of sport shoes, Jordan.",#Person2# buys a pair of sport shoes from Jordan.,"#Person1#: I want a pair of sport shoes, Jordan."
"#Person1#: Come on, Let's go for lunch, Gregory . 
#Person2#: I was going to eat in, I'm short on cash. 
#Person1#: Don't worry about it. It's on me. 
#Person2#: In that case, I'm with you. Em. this is good . 
#Person1#: I agreed,Hi, guess what? I went bungee jumping last weekend. 
#Person2#: Are you on the up and up? 
#Person1#: Definitely. you know, I'm into serious sport in a big way. 
#Person2#: If you asked me, you've got a screw loose somewhere. 
#Person1#: come off it, It's not that serious. You should DIY, do it yourself, sometimes.
#Person2#: Fat chance, I'm too scared of bungee jumping. 
#Person1#: No, really, I think you'd like it. I adapted to it right off the bat. 
#Person2#: What did that have to do with me? I'm not the self-seeker like you. 
#Person1#: I can teach you how. 
#Person2#: I had a sneaking suspicion about you, Eric, I think you've lost it.
#Person1#: No, not really, but I think I have lost my wallet. Where can it be? ",Eric invites Gregory for lunch and they talk about bungee jumping Eric tried. Eric thinks Gregory should try it but Gregory doesn't think so.,#Person1: I lost my wallet. Where can I find it?,"Eric went bungee jumping last weekend but he's short on cash. Gregory tells him he can do it himself, but Eric thinks he has lost his wallet.","#Person1: I'm sorry, but I lost my wallet."
"#Person1#: Hi, Laura. Where are you heading with that big bag?
#Person2#: I'm off to the gym. I've got to stay in shape, you know.
#Person1#: I know more women who exercise than men. What's the main reason you do that? For your health, or to look good?
#Person2#: To be honest, for both. With women, good looks are always a very important consideration.
#Person1#: I see.
#Person2#: How about you? Do you get any regular exercise?
#Person1#: I do a lot of walking for exercise and enjoyment-sometimes ten to twenty kilometers at a time. But I never go to the gym like you do.
#Person2#: Well, walking is a good exercise. How about sports?
#Person1#: Not since my school days. I used to love playing baseball, but it's impossible to get enough people together for a game now. Mostly I just watch sports on TV
#Person2#: I play tennis fairly regularly with my friends and sometimes go swimming and cycling by myself.
#Person1#: Oh, I forgot about that. I go cycling sometimes too. And I often go swimming on vacation, but only recreational swimming.
#Person2#: Why don't you join me at the gym sometime?
#Person1#: Well, maybe someday, but I'm pretty lazy about things like that.","Laura comes across #Person1# on the way to the gym, and they stop to talk about exercise habits. Unlike Laura, #Person1# prefers other exercises over going to the gym.","Person1: Hi, Laura. Where are you going?",Laura tells #Person1# that she's going to the gym to stay in shape. #person2# tells Laura that walking is a good exercise and sports aren't since school days. Laura wants to join her at the gym someday.,"Person1: Hi, Laura. Where are you going?"
"#Person1#: Wow, you're up early today! What's for breakfast?
#Person2#: Well, I felt like baking, so I made some muffins.
#Person1#: Smells good! I'll make some coffee. Do you want me to make you some eggs?
#Person2#: Sure, I'll take mine, sunny side up.
#Person1#: Www, I don't know how you can eat your eggs like that! Ever since I was small, I have never liked sunny side up eggs.
#Person2#: You know, my dad had scrambled eggs every morning for twenty years. It drove my mom crazy!
#Person1#: You know what really drives me crazy? When I ask for soft boiled eggs, and they overcook them, so they come out hard boiled! How can you dip your toast into a hard boiled egg?
#Person2#: You're so picky sometimes.
#Person1#: Here you go, honey, fried eggs.
#Person2#: I said sunny side up! How many times do I have to tell you.",#Person1# and #Person2# are preparing breakfast. #Person1# hates overcooked boiled eggs while #Person2# hates scrambled eggs and prefers sunny-side-up ones.,Person1: I'm up early today. I'll make some muffins.,"#Person2# makes muffins, coffee, and fried eggs for breakfast. Then they talk about hard boiled eggs.","#Person1: I'm up early today, so I'll make some muffins and some coffee. Do you want me to make some eggs?"
"#Person1#: How may I help you?
#Person2#: I would like to return this book.
#Person1#: Is that all you need?
#Person2#: I also want to check out this video.
#Person1#: Is that all you would like to check out?
#Person2#: That's all I need.
#Person1#: Do you have your library card?
#Person2#: Here it is.
#Person1#: Make sure to take proper care of this video.
#Person2#: That won't be a problem.
#Person1#: If you damage the video, you will be fined.
#Person2#: I won't damage it.","with #Person1#'s help, #Person2# returns a book and checks out a video in the library.",#Person1#: I want to return this book and check out this video.,#Person2# wants to return a book and check out a video and will be fined if he damages the video.,#Person1#: I want to return this book and check out this video.
"#Person1#: What do you know about our company?
#Person2#: Well, as I know this company is one of the largest and best in this field of business. It mainly produces toys for children. It employs more than 10, 000 people throughout the world. The president now is Mr. Jackson. The Shanghai branch was founded five years ago with a staff of more than 2, 000.
#Person1#: Very good. If you enter this company, what department would you like to work in?
#Person2#: May I work in sales department?
#Person1#: OK. Oh, how much do you make at your current job, if you don't mind my asking?
#Person2#: I'm paid 2, 000 yuan per month plus some allowances and bonus as that come to about 3, 000 yuan a month. How much will you pay me?
#Person1#: Well, the starting salary for a clerk in our company is 2, 500 yuan monthly and after three months he would get a raise if his work is satisfactory.
#Person2#: Do you have any fringe benefits?
#Person1#: Sure, we provide semi-annual bonus, a small bonus at Spring Festival, four weeks paid vacation a year.
#Person2#: How about insurance and full health insurance?
#Person1#: We can buy that for you.
#Person2#: That sounds good.","#Person1# is interviewing #Person2#. They discuss department #Person2# wants to work in, salary, and fringe benefits.","If you are interested in joining our company, please fill in the form below and we will get back to you shortly.",#Person1# introduces the company's products and the salary of the sales department of the Shanghai branch. #person2# wants to work in sales department and asks about the fringe benefits of the company.,"If you are interested in joining our company, please fill in the form below and we will get back to you."
"#Person1#: Would you like to know about benefits and so forth?
#Person2#: Please. Everyone enjoys hearing the benefits of something!
#Person1#: With this agreement we can bring over you many benefits. For example, head offices of your group companies can get really prompt integrated fund transfers and centralised allocations. This helps internal supervision and admin run smoothly.
#Person2#: That is wonderful. We've been having serious problems in that area. Our internal accounts seem so messy at the moment, nothing is running smoothly and it's costing us time and money.
#Person1#: Hopefully signing up for this Network Settlement Service will solve all of that. If you are sure, we can go ahead now, Sir. How does 10 am tomorrow sound, to get all of the paperwork out of the way?",#Person1# introduces the benefits #Person2# can get from the company and makes an appointment to sign all the papers.,#Person1#: I'm sorry to hear that.,"#Person2# wants to know about benefits and so forth, but #person1# suggests signing up for the Network Settlement Service. They will go ahead with it tomorrow.",#Person1#: I'm sorry to hear that.
"#Person1#: Hi! What are you watching?
#Person2#: It's a program about islam. It's very interesting.
#Person1#: Wow! So many people! Where are they and what are they doing?
#Person2#: They are muslims on a pilgrimage to mecca. Muslims call this pilgrimage 'haj'.
#Person1#: Why do they go there?
#Person2#: Muslims believe that every man who is able should go on a haj at least once in his life. Mecca is the spiritual centre of the muslim faith.
#Person1#: When muslims pray, they face towards mecca.
#Person2#: That's right. Unfortunately, so many people go on the haj each year that there are often stamped and people get killed.
#Person1#: I heard about that. The pilgrims must walk around a large, sacred black stone.
#Person2#: That's right. That's when accidents often happen. The Saudi government tries to limit the number of pilgrims, to reduce the chances of accidents.
#Person1#: Pilgrimages are common in many faiths.
#Person2#: Yes. In England, Christian pilgrims might go to Canterbury and many Christians go to the Vatican on pilgrimages.
#Person1#: Isn't there a place in france where people go to get healed?
#Person2#: I think that place is Lourdes. There are many stories of people being healed after visiting there.
#Person1#: Do you think that there is something magical about that place?
#Person2#: Personally. I think that people believe they will be healed and that faith causes a change in their mind that cures them. I don't think place is magical in any way.",#Person2# watches a program about Muslim pilgrims and talks about how pilgrims are like in other religion with #Person1#,People believe they will be healed after visiting a place.,"#Person2# is watching a program about islam and tells the audience about the pilgrimage to Mecca. The Saudi government tries to limit the number of pilgrims to reduce the chances of accidents. The pilgrims must walk around a large, sacred black stone and there is a place in France where people get healed.",People believe they will be healed after visiting a place.
"#Person1#: are you working overtime again? Over the last two weeks, you have worked overtime every day without a break! Your company is draining the life out of you!
#Person2#: I know, but I don't have a choice, my boss has complete control over our work schedules. I haven't made it out of the office before 9 PM a single day this week.
#Person1#: Well, I hope they're paying you the big bucks for all this work. . .
#Person2#: No, not exactly, I'm working for minimum wage. And they don't give extra pay for overtime. Overtime is our own time.
#Person1#: What? ! Isn't there a law against that, I think there is some legislation that requires employers to give their employees a fair rate of wages. You should know your rights! If you are putting in so many hours, they should give you some kind of compensation.
#Person2#: They do give bonuses at the end of the year for the employees with highest productivity numbers, but frankly, it's not much of an incentive. They give us a bonus of ten dollars.
#Person1#: That's just wrong! why don't you just quit?
#Person2#: I would, but I'm afraid I would't be able to find another job. I don't have very many job marketable skills, there aren't so many jobs that I'm qualified for.
#Person1#: it sounds like any job will be better than the one you have now!","#Person2# has been working overtime and only gets minimum wage. #Person1# suggests #Person2# either asking for more compensation or quitting, but #Person2# refuses in fear of not being able to find another job.","#Person1#: I'm sorry to hear that, but I haven't been able to find a new job.","#Person2# has worked overtime every day without a break for two weeks, but #person1# thinks there's no law against overtime and suggests that employers should give their employees a fair rate of wages. But they don't give bonuses at the end of the year, so they give them a bonus of ten dollars.","#Person1#: I've been working overtime for the last two weeks, and I haven't made it out of the office before 9 PM a single day this week."
"#Person1#: Hello, can I help you?
#Person2#: I'd like to rent a Toyota Carola.
#Person1#: Alright. How long will you need it?
#Person2#: For 3 days.
#Person1#: Have you ever rented a car before?
#Person2#: No, I haven't. Can I choose the color of the car?
#Person1#: Sure, we have Toyota Carola's in black, red and silver.
#Person2#: I don't like black or red.
#Person1#: Then you can have the other one. Please show me your ID card and I will copy it.
#Person2#: OK. Anything else?
#Person1#: Sign your name on the application form and here are the keys to the car.
#Person2#: Thanks. What time do I have to bring it back?
#Person1#: It needs to come back by noon on the third day.
#Person2#: Alright. Thanks.
#Person1#: Drive safely.",#Person2# rents a car from #Person1#. #Person1# helps #Person1# go through the formalities and tells #Person1# the return time.,"#Person1#: Hello, I'd like to rent a Toyota Carola for 3 days.",#Person2# wants to rent a Toyota Carola for 3 days and asks for the color and the time to bring it back.,"#Person1#: Hello, I'd like to rent a Toyota Carola for 3 days."
"#Person1#: Hello, Kate.
#Person2#: Hi, Peter. I didn't see you last night. Where did you go?
#Person1#: I was almost on line the whole night.
#Person2#: Did you play network games the whole night?
#Person1#: No, I listened to the music, too.
#Person2#: What are you going to do now?
#Person1#: I'm tired. I need a rest.",Peter tells Kate he stayed up and he's tired now.,"#Person1#: Hi, Kate.",Peter tells Kate he was almost on line the whole night. Kate asks Peter to rest.,"#Person1#: Hi, Kate."
"#Person1#: Is there a bus that'll go all the way to Sons from PHS?
#Person2#: Where is this Sons located?
#Person1#: The Sons on Fair Oaks and Orange Grove.
#Person2#: You're going to need to take two buses to get to that Sons.
#Person1#: Which buses will I have to take?
#Person2#: First, you need to get on the 268 going west.
#Person1#: Then what do I do?
#Person2#: You need to get off on Fair Oaks and Washington.
#Person1#: What's next?
#Person2#: Get on the 261, and it'll take you the rest of the way to Sons.
#Person1#: There's nothing else?
#Person2#: That's all there is to it.",#Person2# offers bus information for #Person1# to go to Sons from PHS.,#Person1#: You're going to need to take two buses to get to the Sons from PHS.,#Person2# explains to the students how to get to Sons from PHS by bus.,You're going to need to take two buses to get to Sons from PHS.
"#Person1#: You should have seen the line at the housing office. It took me an hour to make my dormitory deposit for next year. Have you made yours yet?
#Person2#: No, I'm not sure I'm going to.
#Person1#: There's not much time left. The deadline's May 1. That is just two weeks from now. Are you short of cash?
#Person2#: No, I'm Okay.
#Person1#: You'd better hurry up if you want a dorm room next September. There aren't enough rooms for every one, and first year students have priority.
#Person2#: Well, I've been thinking about living off campus.
#Person1#: Have you any idea of how much that would cost? There is the rent, utilities, and you'd probably need a car.
#Person2#: I know it would be more expensive. I think I can handle it though. The dorm is just so noisy that I can't get anything done. Maybe my grades would be better if I had some peace and quiet in a place of my own.
#Person1#: You should study in the library the way I do. Think of the money you'd save.
#Person2#: I've got to think it over some more. There's still two weeks left in April.",#Person1# and #Person2# are talking about the dormitory deposit for next year. #Person2# wants to live off campus because #Person2# wants a quiet place. #Person1# thinks it's too expensive compared with living in the school dorm room.,#Person1#: I've been thinking about moving to a dorm room.,#Person1# made the deposit for the dorm room for next year. The deadline is May 1 and #person2# has been thinking about living off campus. Then they talk about how much it would cost and how to study in the library.,"#Person1#: I've been thinking about moving to a dorm, but I'm not sure I'll be able to afford it."
"#Person1#: Excuse me. Where can I buy some cigarettes?
#Person2#: There is a shop on the ground floor. It sells both Chinese and foreign cigarettes.
#Person1#: Can I also get some souvenirs there?
#Person2#: Yes, sir. There is a counter selling all kinds of souvenirs
#Person1#: By the way, where is the men's room?
#Person2#: There is one at the end of the corridor.
#Person1#: Thank you.
#Person2#: You are welcome.","#Person1# asks #Person2# where to buy cigarettes, souvenirs, and the men's room.",There is a men's room at the end of the corridor.,#Person1# wants to buy some cigarettes and some souvenirs and asks about the shop and the men's room.,There is a men's room at the end of the corridor.
"#Person1#: Ah, ah, ah. . . . 
#Person2#: All right, Bill. Here's your daily exercise schedule. You are to jog before breakfast. 
#Person1#: Jog? 
#Person2#: Then , you are to walk to work. 
#Person1#: Walk? 
#Person2#: Thirty minutes in gym at lunch time. 
#Person1#: Oh no. 
#Person2#: Use the stairs, never the elevator. 
#Person1#: Oh , dear. 
#Person2#: And three times a week, you can either swim, play racketball , or hand ball. 
#Person1#: Oh no. 
#Person2#: OK, you can stop now. It's time for the dance class. 
#Person1#: Dance class! I don't know how. 
#Person2#: You will. 
#Person1#: Oh. . . ","#Person2# gives Bill a rigorous daily exercise schedule, and Bill finds it torturing.",I'm going to the dance class.,"Bill tells #Person2# his daily exercise schedule. He jogs before breakfast, walks to work, swims, plays racketball, or handball, and then dances.",I'm going to the dance class.
"#Person1#: Who stands out in your mind as a man or woman of sound character?
#Person2#: If I think of famous people, I think of Abraham Lincoln.
#Person1#: He's the US president, who walked five miles just to give a lady her change, isn't he?
#Person2#: That's the one. He also was famous for never giving up on his goals.
#Person1#: That's right. He ran for office quite a few times before he was finally elected.
#Person2#: And I also admire him for his courage in fighting for equal rights.
#Person1#: He had great vision, didn't he?
#Person2#: And humility. I would have liked to meet him personally.",#Person1# and #Person2# talk about Abraham Lincoln and his glorious history. They both admire him.,#Person1#: That's right. He was a man of sound character.,#Person2# thinks Abraham Lincoln is a man or woman of sound character and admires him for his courage in fighting for equal rights.,#Person1#: That's right. He was a man of sound character.
"#Person1#: Hello! I'm now trying to take a bath, but there are too many buttons, would tell me how to use them?
#Person2#: I see, we have an explanation left on the table. If you follow the direction, it's quite simple.
#Person1#: I read it, but I couldn't understand it. Would you come to my room and tell me how to use them?
#Person2#: Oh, certainly.
#Person1#: And also tell me how to use other switches.",#Person1# calls #Person2# for getting to know how to use buttons and switches so #Person1# can take a bath.,"#Person1#: Hello! I'm now trying to take a bath, but there are too many buttons, would you tell me how to use them?","#Person1# is trying to take a bath, but there are too many buttons. #person2# will tell #Pear1# how to use them and other switches.","#Person1#: Hello! I'm now trying to take a bath, but there are too many buttons, would you tell me how to use them?"
"#Person1#: Hi, Tony. You look unhappy. What's wrong?
#Person2#: Oh, Steven, I made a big mistake.
#Person1#: What happened?
#Person2#: I really wish I hadn't done it.
#Person1#: What on earth are you talking about?
#Person2#: I got caught cheating. I feel so ashamed. The teacher saw me and told me I failed.
#Person1#: What were you thinking?
#Person2#: You know my father. If I fail, he'll kill me. I have to do well.
#Person1#: But what you should do is study hard.
#Person2#: I know. . . I know. . . it's all my fault. I feel awful that I didn't study, and I cheated, and I got caught.
#Person1#: So long as you learn from your mistakes.",Tony got caught cheating and feels ashamed. Steven tells him to learn from it and study hard.,"#Person1#: Hi, Steven. You look unhappy. What's wrong?",Tony tells Steven he made a big mistake because he got caught cheating. Steven encourages Tony to learn from his mistakes.,"#Person1#: Hi, Steven. You look unhappy. What's wrong?"
"#Person1#: May I take your order now?
#Person2#: Yes, I'll have a boiled egg with toast and orange juice, please.
#Person1#: How would you like your eggs?
#Person2#: Hard-boiled, please.
#Person1#: And your toast, light or dark?
#Person2#: Dark, please.
#Person1#: Now or later?
#Person2#: Later will do.
#Person1#: Will there be anything else?
#Person2#: No, that's all. Thanks.
#Person1#: One hard-boiled egg with toast and orange juice to follow.
#Person2#: That's right.
#Person1#: Just a moment, please.",#Person1# helps #Person2# order one hard-boiled egg with dark toast and orange juice to follow.,#Person1: One hard-boiled egg with toast and orange juice to follow.,#Person2# orders a hard-boiled egg with toast and orange juice with #person1#'s assistance.,#Person1: One hard-boiled egg with toast and orange juice.
